<?xml version = "1.0" encoding = "utf-8"?>
<!DOCTYPE hibernate-configuration SYSTEM "http://www.hibernate.org/dtd/hibernate-configuration-3.0.dtd">
<hibernate-configuration>
    <session-factory>
<!--        <property name = "hibernate.dialect">org.hibernate.dialect.MySQLDialect</property>-->
<!--        <property name = "hibernate.connection.driver_class">.mysql.jdbc.Driver</property>-->

<!--        <property name = "hibernate.connection.url">jdbc:mysql://localhost/test </property>-->
<!--        <property name = "hibernate.connection.username">postgres</property>-->
<!--        <property name = "hibernate.connection.password">postgres</property>-->
<!--        &lt;!&ndash; List of XML mapping files &ndash;&gt;-->
<!--        <mapping resource = "com.eric.Entities.Employee"/>-->

        <property name="hibernate.dialect">org.hibernate.dialect.ProgressDialect</property>
<!--        <property name="hibernate.dialect">org.hibernate.dialect.PostgreSQLDialect</property>-->
        <property name="hibernate.connection.driver_class">org.postgresql.Driver</property>
        <property name="hibernate.connection.url">jdbc:postgresql://localhost:5432/don</property>
        <property name="hibernate.connection.username">postgres</property>
        <property name="hibernate.connection.password">dongate</property>
        <property name="hibernate.hbm2ddl.auto">create-drop</property>
        <mapping class="model.Student"/>

    </session-factory>
</hibernate-configuration>